,year,loa
0,2000,0
100,2000,0.22
190,2000,0.22
200,2000,0.16
201,2000,0.16
202,2000,0.16
203,2000,0.16
204,2000,0.16
205,2000,0.16
206,2000,0.16
207,2000,0.16
208,2000,0.16
209,2000,0.16
210,2000,0.16
211,2000,0.16
212,2000,0.16
213,2000,0.16
224,2000,0.16
225,2000,0.16
234,2000,0.16
236,2000,0.16
239,2000,0.16
240,2000,0.16
241,2000,0.16
278,2000,0.16
288,2000,0.16
290,2000,0.16
294,2000,0.16
295,2000,0.16
297,2000,0.16
299,2000,0.16
300,2000,0.33
301,2000,0.33
313,2000,0.33
314,2000,0.33
315,2000,0.33
318,2000,0.33
319,2000,0.33
320,2000,0.33
321,2000,0.33
390,2000,0.33
391,2000,0.33
396,2000,0.33
397,2000,0.33
399,2000,0.33
400,2000,0.3
401,2000,0.3
413,2000,0
414,2000,0
415,2000,0.3
416,2000,0
417,2000,0.3
418,2000,0
419,2000,0.3
420,2000,0.3
421,2000,0.3
422,2000,0.3
423,2000,0
426,2000,0
427,2000,0.3
428,2000,0.3
429,2000,0
430,2000,0
431,2000,0
432,2000,0
433,2000,0
435,2000,0.3
480,2000,0.3
483,2000,0
487,2000,0
489,2000,0
490,2000,0.3
491,2000,0.3
492,2000,0.3
493,2000,0.3
496,2000,0
497,2000,0.3
499,2000,0.3
500,2000,0.38
501,2000,0.38
516,2000,0.38
517,2000,0.38
522,2000,0.38
523,2000,0.38
526,2000,0.38
527,2000,0.38
528,2000,0.38
529,2000,0.38
530,2000,0.38
531,2000,0.38
532,2000,0.38
533,2000,0.38
535,2000,0.38
550,2000,0.36
580,2000,0.36
581,2000,0.36
583,2000,0.36
587,2000,0.36
589,2000,0.36
590,2000,0.38
591,2000,0.38
592,2000,0.38
593,2000,0.36
597,2000,0.38
599,2000,0.38
637,2000,0
638,2000,0
650,2000,0.3
651,2000,0.16
654,2000,0
655,2000,0
663,2000,0.16
666,2000,0
668,2000,0
669,2000,0
670,2000,0.16
671,2000,0.16
673,2000,0.16
677,2000,0.16
679,2000,0.16
680,2000,0.3
681,2000,0
683,2000,0
687,2000,0
689,2000,0.3
693,2000,0.3
700,2000,0.16
701,2000,0
716,2000,0
717,2000,0.3
722,2000,0
723,2000,0
726,2000,0
727,2000,0
728,2000,0
729,2000,0
730,2000,0.16
731,2000,0.16
732,2000,0
733,2000,0
735,2000,0
742,2000,0
743,2000,0
745,2000,0
746,2000,0
747,2000,0
748,2000,0
752,2000,0
753,2000,0
756,2000,0
757,2000,0
758,2000,0
760,2000,0
761,2000,0
762,2000,0
764,2000,0
765,2000,0
767,2000,0
772,2000,0
774,2000,0
790,2000,0.3
791,2000,0.16
792,2000,0
797,2000,0
798,2000,0
799,2000,0
801,2000,0
816,2000,0
817,2000,0.16
822,2000,0.16
823,2000,0.16
826,2000,0
827,2000,0
828,2000,0
829,2000,0
830,2000,0.16
831,2000,0
832,2000,0
833,2000,0
835,2000,0
850,2000,0.16
880,2000,0.16
881,2000,0
883,2000,0
887,2000,0.16
889,2000,0
890,2000,0.16
891,2000,0
892,2000,0
893,2000,0.16
897,2000,0.16
899,2000,0
900,2000,0.16
901,2000,0.16
913,2000,0.16
914,2000,0.16
915,2000,0.16
918,2000,0
919,2000,0.16
920,2000,0.16
921,2000,0.16
959,2000,0
990,2000,0.16
991,2000,0.16
996,2000,0.16
997,2000,0.16
0,2001,0
100,2001,0.22
190,2001,0.22
200,2001,0.16
201,2001,0.16
202,2001,0.16
203,2001,0.16
204,2001,0.16
205,2001,0.16
206,2001,0.16
207,2001,0.16
208,2001,0.16
209,2001,0.16
210,2001,0.16
211,2001,0.16
212,2001,0.16
213,2001,0.16
224,2001,0.16
225,2001,0.16
234,2001,0.16
236,2001,0.16
239,2001,0.16
240,2001,0.16
241,2001,0.16
278,2001,0.16
288,2001,0.16
290,2001,0.16
294,2001,0.16
295,2001,0.16
297,2001,0.16
299,2001,0.16
300,2001,0.33
301,2001,0.33
313,2001,0.33
314,2001,0.33
315,2001,0.33
318,2001,0.33
319,2001,0.33
320,2001,0.33
321,2001,0.33
390,2001,0.33
391,2001,0.33
396,2001,0.33
397,2001,0.33
399,2001,0.33
400,2001,0.3
401,2001,0.3
413,2001,0
414,2001,0
415,2001,0.3
416,2001,0
417,2001,0.3
418,2001,0
419,2001,0.3
420,2001,0.3
421,2001,0.3
422,2001,0.3
423,2001,0
426,2001,0
427,2001,0.3
428,2001,0.3
429,2001,0
430,2001,0
431,2001,0
432,2001,0
433,2001,0
435,2001,0.3
480,2001,0.3
483,2001,0
487,2001,0
489,2001,0
490,2001,0.3
491,2001,0.3
492,2001,0.3
493,2001,0.3
496,2001,0
497,2001,0.3
499,2001,0.3
500,2001,0.38
501,2001,0.38
516,2001,0.38
517,2001,0.38
522,2001,0.38
523,2001,0.38
526,2001,0.38
527,2001,0.38
528,2001,0.38
529,2001,0.38
530,2001,0.38
531,2001,0.38
532,2001,0.38
533,2001,0.38
535,2001,0.38
550,2001,0.36
580,2001,0.36
581,2001,0.36
583,2001,0.36
587,2001,0.36
589,2001,0.36
590,2001,0.38
591,2001,0.38
592,2001,0.38
593,2001,0.36
597,2001,0.38
599,2001,0.38
637,2001,0
638,2001,0
650,2001,0.3
651,2001,0.16
654,2001,0
655,2001,0
663,2001,0.16
666,2001,0
668,2001,0
669,2001,0
670,2001,0.16
671,2001,0.16
673,2001,0.16
677,2001,0.16
679,2001,0.16
680,2001,0.3
681,2001,0
683,2001,0
687,2001,0
689,2001,0.3
693,2001,0.3
700,2001,0.16
701,2001,0
716,2001,0
717,2001,0.3
722,2001,0
723,2001,0
726,2001,0
727,2001,0
728,2001,0
729,2001,0
730,2001,0.16
731,2001,0.16
732,2001,0
733,2001,0
735,2001,0
742,2001,0
743,2001,0
745,2001,0
746,2001,0
747,2001,0
748,2001,0
752,2001,0
753,2001,0
756,2001,0
757,2001,0
758,2001,0
760,2001,0
761,2001,0
762,2001,0
764,2001,0
765,2001,0
767,2001,0
772,2001,0
774,2001,0
790,2001,0.3
791,2001,0.16
792,2001,0
797,2001,0
798,2001,0
799,2001,0
801,2001,0
816,2001,0
817,2001,0.16
822,2001,0.16
823,2001,0.16
826,2001,0
827,2001,0
828,2001,0
829,2001,0
830,2001,0.16
831,2001,0
832,2001,0
833,2001,0
835,2001,0
850,2001,0.16
880,2001,0.16
881,2001,0
883,2001,0
887,2001,0.16
889,2001,0
890,2001,0.16
891,2001,0
892,2001,0
893,2001,0.16
897,2001,0.16
899,2001,0
900,2001,0.16
901,2001,0.16
913,2001,0.16
914,2001,0.16
915,2001,0.16
918,2001,0
919,2001,0.16
920,2001,0.16
921,2001,0.16
959,2001,0
990,2001,0.16
991,2001,0.16
996,2001,0.16
997,2001,0.16
0,2002,0
100,2002,0.22
190,2002,0.22
200,2002,0.16
201,2002,0.16
202,2002,0.16
203,2002,0.16
204,2002,0.16
205,2002,0.16
206,2002,0.16
207,2002,0.16
208,2002,0.16
209,2002,0.16
210,2002,0.16
211,2002,0.16
212,2002,0.16
213,2002,0.16
224,2002,0.16
225,2002,0.16
234,2002,0.16
236,2002,0.16
239,2002,0.16
240,2002,0.16
241,2002,0.16
278,2002,0.16
288,2002,0.16
290,2002,0.16
294,2002,0.16
295,2002,0.16
297,2002,0.16
299,2002,0.16
300,2002,0.33
301,2002,0.33
313,2002,0.33
314,2002,0.33
315,2002,0.33
318,2002,0.33
319,2002,0.33
320,2002,0.33
321,2002,0.33
390,2002,0.33
391,2002,0.33
396,2002,0.33
397,2002,0.33
399,2002,0.33
400,2002,0.3
401,2002,0.3
413,2002,0
414,2002,0
415,2002,0.3
416,2002,0
417,2002,0.3
418,2002,0
419,2002,0.3
420,2002,0.3
421,2002,0.3
422,2002,0.3
423,2002,0
426,2002,0
427,2002,0.3
428,2002,0.3
429,2002,0
430,2002,0.3
431,2002,0.3
432,2002,0
433,2002,0.3
435,2002,0.3
480,2002,0.3
483,2002,0
487,2002,0
489,2002,0
490,2002,0.3
491,2002,0.3
492,2002,0.3
493,2002,0.3
496,2002,0
497,2002,0.3
499,2002,0.3
500,2002,0.38
501,2002,0.38
516,2002,0.38
517,2002,0.38
522,2002,0.38
523,2002,0.38
526,2002,0.38
527,2002,0.38
528,2002,0.38
529,2002,0.38
530,2002,0.38
531,2002,0.38
532,2002,0.38
533,2002,0.38
535,2002,0.38
550,2002,0.36
580,2002,0.36
581,2002,0.36
583,2002,0.36
587,2002,0.36
589,2002,0.36
590,2002,0.38
591,2002,0.38
592,2002,0.38
593,2002,0.36
597,2002,0.38
599,2002,0.38
637,2002,0
638,2002,0
650,2002,0.3
651,2002,0.16
654,2002,0
655,2002,0
663,2002,0.16
666,2002,0
668,2002,0
669,2002,0
670,2002,0.16
671,2002,0.16
673,2002,0.16
677,2002,0.16
679,2002,0.16
680,2002,0.3
681,2002,0
683,2002,0
687,2002,0
689,2002,0.3
693,2002,0.3
700,2002,0.16
701,2002,0
716,2002,0
717,2002,0.3
722,2002,0.16
723,2002,0
726,2002,0
727,2002,0.16
728,2002,0
729,2002,0
730,2002,0.16
731,2002,0.16
732,2002,0
733,2002,0
735,2002,0
742,2002,0
743,2002,0
745,2002,0
746,2002,0
747,2002,0
748,2002,0
752,2002,0
753,2002,0
756,2002,0
757,2002,0
758,2002,0
760,2002,0
761,2002,0
762,2002,0
764,2002,0
765,2002,0
767,2002,0
772,2002,0
774,2002,0.38
790,2002,0.3
791,2002,0.16
792,2002,0
797,2002,0.16
798,2002,0
799,2002,0
801,2002,0
816,2002,0
817,2002,0.16
822,2002,0.16
823,2002,0.16
826,2002,0
827,2002,0
828,2002,0
829,2002,0
830,2002,0.16
831,2002,0
832,2002,0
833,2002,0
835,2002,0
850,2002,0.16
880,2002,0.16
881,2002,0
883,2002,0
887,2002,0.16
889,2002,0
890,2002,0.16
891,2002,0.16
892,2002,0
893,2002,0.16
897,2002,0
899,2002,0
900,2002,0.16
901,2002,0.16
913,2002,0.16
914,2002,0.16
915,2002,0.16
918,2002,0
919,2002,0.16
920,2002,0.16
921,2002,0.16
959,2002,0
990,2002,0.16
991,2002,0.16
996,2002,0.16
997,2002,0.16
0,2003,0
100,2003,0.22
190,2003,0.22
200,2003,0.16
201,2003,0.16
202,2003,0.16
203,2003,0.16
204,2003,0.16
205,2003,0.16
206,2003,0.16
207,2003,0.16
208,2003,0.16
209,2003,0.16
210,2003,0.16
211,2003,0.16
212,2003,0.16
213,2003,0.16
224,2003,0.16
225,2003,0.16
234,2003,0.16
236,2003,0.16
239,2003,0.16
240,2003,0.16
241,2003,0.16
278,2003,0.16
288,2003,0.16
290,2003,0.16
294,2003,0.16
295,2003,0.16
297,2003,0.16
299,2003,0.16
300,2003,0.3
301,2003,0.3
313,2003,0.3
314,2003,0.3
315,2003,0.3
318,2003,0.3
319,2003,0.3
320,2003,0.3
321,2003,0.3
390,2003,0.3
391,2003,0.3
396,2003,0.3
397,2003,0.3
399,2003,0.3
400,2003,0.3
401,2003,0.3
413,2003,0
414,2003,0
415,2003,0.3
416,2003,0
417,2003,0.3
418,2003,0
419,2003,0.3
420,2003,0.3
421,2003,0.3
422,2003,0.3
423,2003,0
426,2003,0
427,2003,0.3
428,2003,0.3
429,2003,0
430,2003,0.3
431,2003,0.3
432,2003,0
433,2003,0.3
435,2003,0.3
480,2003,0.3
483,2003,0
487,2003,0
489,2003,0
490,2003,0.3
491,2003,0.3
492,2003,0.3
493,2003,0.3
496,2003,0
497,2003,0.3
499,2003,0.3
500,2003,0.38
501,2003,0.38
516,2003,0.38
517,2003,0.38
522,2003,0.38
523,2003,0.38
526,2003,0.38
527,2003,0.38
528,2003,0.38
529,2003,0.38
530,2003,0.38
531,2003,0.38
532,2003,0.38
533,2003,0.38
535,2003,0.38
550,2003,0.36
580,2003,0.36
581,2003,0.36
583,2003,0.36
587,2003,0.36
589,2003,0.36
590,2003,0.38
591,2003,0.38
592,2003,0.38
593,2003,0.36
597,2003,0.38
599,2003,0.38
637,2003,0
638,2003,0
650,2003,0.3
651,2003,0.16
654,2003,0
655,2003,0
663,2003,0.16
666,2003,0
668,2003,0
669,2003,0
670,2003,0.16
671,2003,0.16
673,2003,0.16
677,2003,0.16
679,2003,0.16
680,2003,0.3
681,2003,0
683,2003,0
687,2003,0
689,2003,0.16
693,2003,0.3
700,2003,0.16
701,2003,0
716,2003,0
717,2003,0.16
722,2003,0.16
723,2003,0.16
726,2003,0
727,2003,0
728,2003,0
729,2003,0
730,2003,0.16
731,2003,0.16
732,2003,0
733,2003,0
735,2003,0
742,2003,0
743,2003,0
745,2003,0
746,2003,0
747,2003,0
748,2003,0
752,2003,0
753,2003,0
756,2003,0
757,2003,0
758,2003,0
760,2003,0
761,2003,0
762,2003,0
764,2003,0
765,2003,0
767,2003,0
772,2003,0
774,2003,0.16
790,2003,0.16
791,2003,0.16
792,2003,0
797,2003,0.16
798,2003,0
799,2003,0
801,2003,0
816,2003,0
817,2003,0.16
822,2003,0.16
823,2003,0.16
826,2003,0
827,2003,0
828,2003,0
829,2003,0
830,2003,0.16
831,2003,0
832,2003,0
833,2003,0
835,2003,0
850,2003,0.16
880,2003,0.16
881,2003,0
883,2003,0
887,2003,0
889,2003,0
890,2003,0.16
891,2003,0.16
892,2003,0
893,2003,0.16
897,2003,0.16
899,2003,0
900,2003,0.16
901,2003,0.16
913,2003,0.16
914,2003,0.16
915,2003,0.16
918,2003,0.16
919,2003,0.16
920,2003,0.16
921,2003,0.16
959,2003,0
990,2003,0.16
991,2003,0.16
996,2003,0.16
997,2003,0.16
0,2004,0
100,2004,0.22
190,2004,0.22
200,2004,0.16
201,2004,0.16
202,2004,0.16
203,2004,0.16
204,2004,0.16
205,2004,0.16
206,2004,0.16
207,2004,0.16
208,2004,0.16
209,2004,0.16
210,2004,0.16
211,2004,0.16
212,2004,0.16
213,2004,0.16
224,2004,0.16
225,2004,0.16
234,2004,0.16
236,2004,0.16
239,2004,0.16
240,2004,0.16
241,2004,0.16
278,2004,0.16
288,2004,0.16
290,2004,0.16
294,2004,0.16
295,2004,0.16
297,2004,0.16
299,2004,0.16
300,2004,0.26
301,2004,0.26
313,2004,0.26
314,2004,0.26
315,2004,0.26
318,2004,0.26
319,2004,0.26
320,2004,0.26
321,2004,0.26
390,2004,0.26
391,2004,0.26
396,2004,0.26
397,2004,0.26
399,2004,0.26
400,2004,0.3
401,2004,0.3
413,2004,0
414,2004,0
415,2004,0
416,2004,0
417,2004,0.3
418,2004,0
419,2004,0
420,2004,0.3
421,2004,0.3
422,2004,0.3
423,2004,0
426,2004,0
427,2004,0.3
428,2004,0.3
429,2004,0
430,2004,0.3
431,2004,0.3
432,2004,0
433,2004,0.3
435,2004,0.3
480,2004,0.3
483,2004,0
487,2004,0
489,2004,0
490,2004,0.3
491,2004,0.3
492,2004,0.3
493,2004,0.3
496,2004,0
497,2004,0.3
499,2004,0.3
500,2004,0.38
501,2004,0.38
516,2004,0.38
517,2004,0.38
522,2004,0.38
523,2004,0.38
526,2004,0.38
527,2004,0.38
528,2004,0.38
529,2004,0.38
530,2004,0.38
531,2004,0.38
532,2004,0.38
533,2004,0.38
535,2004,0.38
550,2004,0.36
580,2004,0.36
581,2004,0.36
583,2004,0.36
587,2004,0.36
589,2004,0.36
590,2004,0.38
591,2004,0.38
592,2004,0.38
593,2004,0.36
597,2004,0.38
599,2004,0.38
637,2004,0
638,2004,0
650,2004,0.3
651,2004,0.16
654,2004,0
655,2004,0
663,2004,0.16
666,2004,0
668,2004,0
669,2004,0
670,2004,0.16
671,2004,0.16
673,2004,0.16
677,2004,0.16
679,2004,0.16
680,2004,0.3
681,2004,0
683,2004,0
687,2004,0.16
689,2004,0.16
693,2004,0.16
700,2004,0.16
701,2004,0
716,2004,0
717,2004,0.3
722,2004,0
723,2004,0.16
726,2004,0
727,2004,0
728,2004,0
729,2004,0
730,2004,0.16
731,2004,0.16
732,2004,0
733,2004,0
735,2004,0
742,2004,0
743,2004,0
745,2004,0
746,2004,0
747,2004,0
748,2004,0
752,2004,0
753,2004,0
756,2004,0
757,2004,0
758,2004,0
760,2004,0
761,2004,0
762,2004,0
764,2004,0
765,2004,0
767,2004,0
772,2004,0
774,2004,0.23
790,2004,0.3
791,2004,0.16
792,2004,0
797,2004,0.16
798,2004,0
799,2004,0
801,2004,0
816,2004,0
817,2004,0.16
822,2004,0.16
823,2004,0.16
826,2004,0
827,2004,0
828,2004,0
829,2004,0
830,2004,0.16
831,2004,0.16
832,2004,0
833,2004,0
835,2004,0
850,2004,0.16
880,2004,0.16
881,2004,0
883,2004,0
887,2004,0.16
889,2004,0
890,2004,0.16
891,2004,0.16
892,2004,0.16
893,2004,0.16
897,2004,0.16
899,2004,0
900,2004,0.16
901,2004,0.16
913,2004,0.16
914,2004,0.16
915,2004,0.16
918,2004,0.16
919,2004,0.16
920,2004,0.16
921,2004,0.16
959,2004,0
990,2004,0.16
991,2004,0.16
996,2004,0.16
997,2004,0.16
0,2005,0
100,2005,0.22
190,2005,0.22
200,2005,0.16
201,2005,0.16
202,2005,0.16
203,2005,0.16
204,2005,0.16
205,2005,0.16
206,2005,0.16
207,2005,0.16
208,2005,0.16
209,2005,0.16
210,2005,0.16
211,2005,0.16
212,2005,0.16
213,2005,0.16
224,2005,0.16
225,2005,0.16
234,2005,0.16
236,2005,0.16
239,2005,0.16
240,2005,0.16
241,2005,0.16
278,2005,0.16
288,2005,0.16
290,2005,0.16
294,2005,0.16
295,2005,0.16
297,2005,0.16
299,2005,0.16
300,2005,0.26
301,2005,0.26
313,2005,0.26
314,2005,0.26
315,2005,0.26
318,2005,0.26
319,2005,0.26
320,2005,0.26
321,2005,0.26
390,2005,0.26
391,2005,0.26
396,2005,0.26
397,2005,0.26
399,2005,0.26
400,2005,0.3
401,2005,0.3
413,2005,0
414,2005,0
415,2005,0
416,2005,0
417,2005,0.3
418,2005,0.3
419,2005,0
420,2005,0
421,2005,0.3
422,2005,0.3
423,2005,0
426,2005,0
427,2005,0
428,2005,0.3
429,2005,0
430,2005,0.3
431,2005,0.3
432,2005,0
433,2005,0.3
435,2005,0.3
480,2005,0.3
483,2005,0
487,2005,0
489,2005,0
490,2005,0.3
491,2005,0.3
492,2005,0.3
493,2005,0.3
496,2005,0
497,2005,0.3
499,2005,0.3
500,2005,0.38
501,2005,0.38
516,2005,0.38
517,2005,0.38
522,2005,0.38
523,2005,0.38
526,2005,0.38
527,2005,0.38
528,2005,0.38
529,2005,0.38
530,2005,0.38
531,2005,0.38
532,2005,0.38
533,2005,0.38
535,2005,0.38
550,2005,0.36
580,2005,0.36
581,2005,0.36
583,2005,0.36
587,2005,0.36
589,2005,0.36
590,2005,0.38
591,2005,0.38
592,2005,0.38
593,2005,0.36
597,2005,0.38
599,2005,0.38
637,2005,0
638,2005,0
650,2005,0.3
651,2005,0.16
654,2005,0
655,2005,0
663,2005,0.16
666,2005,0
668,2005,0
669,2005,0
670,2005,0.16
671,2005,0.16
673,2005,0.16
677,2005,0.16
679,2005,0.16
680,2005,0.3
681,2005,0
683,2005,0
687,2005,0.16
689,2005,0.16
693,2005,0.16
700,2005,0.16
701,2005,0
716,2005,0
717,2005,0.16
722,2005,0
723,2005,0.16
726,2005,0
727,2005,0
728,2005,0
729,2005,0
730,2005,0.16
731,2005,0.16
732,2005,0
733,2005,0
735,2005,0
742,2005,0
743,2005,0
745,2005,0
746,2005,0
747,2005,0
748,2005,0
752,2005,0
753,2005,0
756,2005,0
757,2005,0
758,2005,0
760,2005,0
761,2005,0
762,2005,0
764,2005,0
765,2005,0
767,2005,0
772,2005,0
774,2005,0.16
790,2005,0.16
791,2005,0.16
792,2005,0
797,2005,0.16
798,2005,0
799,2005,0
801,2005,0
816,2005,0
817,2005,0.16
822,2005,0.16
823,2005,0.3
826,2005,0
827,2005,0
828,2005,0.16
829,2005,0
830,2005,0.3
831,2005,0.16
832,2005,0
833,2005,0
835,2005,0
850,2005,0.16
880,2005,0.16
881,2005,0
883,2005,0.16
887,2005,0.16
889,2005,0
890,2005,0.16
891,2005,0.16
892,2005,0.16
893,2005,0.16
897,2005,0.16
899,2005,0
900,2005,0.16
901,2005,0.16
913,2005,0.16
914,2005,0.16
915,2005,0.16
918,2005,0.16
919,2005,0.16
920,2005,0.16
921,2005,0.16
959,2005,0
990,2005,0.16
991,2005,0.16
996,2005,0.16
997,2005,0.16
0,2006,0
100,2006,0.22
190,2006,0.22
200,2006,0.16
201,2006,0.16
202,2006,0.16
203,2006,0.16
204,2006,0.16
205,2006,0.16
206,2006,0.16
207,2006,0.16
208,2006,0.16
209,2006,0.16
210,2006,0.16
211,2006,0.16
212,2006,0.16
213,2006,0.16
224,2006,0.16
225,2006,0.16
234,2006,0.16
236,2006,0.16
239,2006,0.16
240,2006,0.16
241,2006,0.16
278,2006,0.16
288,2006,0.16
290,2006,0.16
294,2006,0.16
295,2006,0.16
297,2006,0.16
299,2006,0.16
300,2006,0.24
301,2006,0.24
313,2006,0.24
314,2006,0.24
315,2006,0.24
318,2006,0.24
319,2006,0.24
320,2006,0.24
321,2006,0.24
390,2006,0.24
391,2006,0.24
396,2006,0.24
397,2006,0.24
399,2006,0.24
400,2006,0.3
401,2006,0.3
413,2006,0
414,2006,0
415,2006,0
416,2006,0
417,2006,0.3
418,2006,0.3
419,2006,0
420,2006,0
421,2006,0
422,2006,0.3
423,2006,0
426,2006,0
427,2006,0
428,2006,0.3
429,2006,0
430,2006,0.3
431,2006,0.3
432,2006,0
433,2006,0.3
435,2006,0.3
480,2006,0.3
483,2006,0.3
487,2006,0
489,2006,0
490,2006,0.3
491,2006,0.3
492,2006,0.3
493,2006,0.3
496,2006,0
497,2006,0.3
499,2006,0.3
500,2006,0.38
501,2006,0.38
516,2006,0.38
517,2006,0.38
522,2006,0.38
523,2006,0.38
526,2006,0.38
527,2006,0.38
528,2006,0.38
529,2006,0.38
530,2006,0.38
531,2006,0.38
532,2006,0.38
533,2006,0.38
535,2006,0.38
550,2006,0.36
580,2006,0.36
581,2006,0.36
583,2006,0.36
587,2006,0.36
589,2006,0.36
590,2006,0.38
591,2006,0.38
592,2006,0.38
593,2006,0.36
597,2006,0.38
599,2006,0.38
637,2006,0
638,2006,0
650,2006,0.3
651,2006,0.16
654,2006,0
655,2006,0
663,2006,0.16
666,2006,0
668,2006,0
669,2006,0
670,2006,0.16
671,2006,0.16
673,2006,0.16
677,2006,0.16
679,2006,0.16
680,2006,0.3
681,2006,0
683,2006,0
687,2006,0.16
689,2006,0.3
693,2006,0.3
700,2006,0.16
701,2006,0
716,2006,0
717,2006,0.3
722,2006,0
723,2006,0.16
726,2006,0
727,2006,0
728,2006,0.16
729,2006,0
730,2006,0.23
731,2006,0.16
732,2006,0
733,2006,0
735,2006,0
742,2006,0
743,2006,0
745,2006,0
746,2006,0
747,2006,0
748,2006,0
752,2006,0
753,2006,0
756,2006,0
757,2006,0
758,2006,0
760,2006,0
761,2006,0
762,2006,0
764,2006,0
765,2006,0
767,2006,0
772,2006,0
774,2006,0.16
790,2006,0.16
791,2006,0.16
792,2006,0
797,2006,0.16
798,2006,0
799,2006,0
801,2006,0
816,2006,0
817,2006,0.16
822,2006,0.16
823,2006,0
826,2006,0
827,2006,0
828,2006,0.16
829,2006,0
830,2006,0.16
831,2006,0.16
832,2006,0
833,2006,0.16
835,2006,0
850,2006,0.16
880,2006,0.16
881,2006,0
883,2006,0.16
887,2006,0.16
889,2006,0
890,2006,0.16
891,2006,0.16
892,2006,0.16
893,2006,0.16
897,2006,0.16
899,2006,0.16
900,2006,0.16
901,2006,0.16
913,2006,0.16
914,2006,0.16
915,2006,0.16
918,2006,0.16
919,2006,0.16
920,2006,0.16
921,2006,0.16
959,2006,0
990,2006,0.16
991,2006,0.16
996,2006,0.16
997,2006,0.16
0,2007,0
100,2007,0.22
190,2007,0.22
200,2007,0.16
201,2007,0.16
202,2007,0.16
203,2007,0.16
204,2007,0.16
205,2007,0.16
206,2007,0.16
207,2007,0.16
208,2007,0.16
209,2007,0.16
210,2007,0.16
211,2007,0.16
212,2007,0.16
213,2007,0.16
224,2007,0.16
225,2007,0.16
234,2007,0.16
236,2007,0.16
239,2007,0.16
240,2007,0.16
241,2007,0.16
278,2007,0.16
288,2007,0.16
290,2007,0.16
294,2007,0.16
295,2007,0.16
297,2007,0.16
299,2007,0.16
300,2007,0.22
301,2007,0.22
313,2007,0.22
314,2007,0.22
315,2007,0.22
318,2007,0.22
319,2007,0.22
320,2007,0.22
321,2007,0.22
390,2007,0.22
391,2007,0.22
396,2007,0.22
397,2007,0.22
399,2007,0.22
400,2007,0.3
401,2007,0.3
413,2007,0
414,2007,0
415,2007,0
416,2007,0
417,2007,0.3
418,2007,0.3
419,2007,0
420,2007,0
421,2007,0
422,2007,0.3
423,2007,0
426,2007,0
427,2007,0
428,2007,0.3
429,2007,0
430,2007,0.3
431,2007,0.3
432,2007,0
433,2007,0.3
435,2007,0.3
480,2007,0.3
483,2007,0.3
487,2007,0
489,2007,0
490,2007,0.3
491,2007,0.3
492,2007,0.3
493,2007,0.3
496,2007,0
497,2007,0.3
499,2007,0.3
500,2007,0.38
501,2007,0.38
516,2007,0.38
517,2007,0.38
522,2007,0.38
523,2007,0.38
526,2007,0.38
527,2007,0.38
528,2007,0.38
529,2007,0.38
530,2007,0.38
531,2007,0.38
532,2007,0.38
533,2007,0.38
535,2007,0.38
550,2007,0.36
580,2007,0.36
581,2007,0.36
583,2007,0.36
587,2007,0.36
589,2007,0.36
590,2007,0.38
591,2007,0.38
592,2007,0.38
593,2007,0.36
597,2007,0.38
599,2007,0.38
637,2007,0
638,2007,0
650,2007,0.3
651,2007,0.16
654,2007,0
655,2007,0
663,2007,0.16
666,2007,0
668,2007,0
669,2007,0
670,2007,0.16
671,2007,0.16
673,2007,0.36
677,2007,0.16
679,2007,0.16
680,2007,0.3
681,2007,0
683,2007,0
687,2007,0.16
689,2007,0.16
693,2007,0.3
700,2007,0.3
701,2007,0
716,2007,0
717,2007,0.23
722,2007,0
723,2007,0.16
726,2007,0
727,2007,0
728,2007,0.16
729,2007,0
730,2007,0.23
731,2007,0.23
732,2007,0
733,2007,0
735,2007,0
742,2007,0
743,2007,0
745,2007,0
746,2007,0
747,2007,0
748,2007,0
752,2007,0
753,2007,0
756,2007,0
757,2007,0
758,2007,0
760,2007,0
761,2007,0
762,2007,0
764,2007,0
765,2007,0
767,2007,0
772,2007,0
774,2007,0.16
790,2007,0.16
791,2007,0.16
792,2007,0.16
797,2007,0.16
798,2007,0
799,2007,0
801,2007,0
816,2007,0
817,2007,0.16
822,2007,0.16
823,2007,0.16
826,2007,0
827,2007,0
828,2007,0.16
829,2007,0
830,2007,0.16
831,2007,0.16
832,2007,0
833,2007,0.16
835,2007,0
850,2007,0.16
880,2007,0.16
881,2007,0
883,2007,0.16
887,2007,0.16
889,2007,0
890,2007,0.16
891,2007,0.16
892,2007,0.16
893,2007,0.16
897,2007,0.16
899,2007,0.16
900,2007,0.16
901,2007,0.16
913,2007,0.16
914,2007,0.16
915,2007,0.16
918,2007,0.16
919,2007,0.16
920,2007,0.16
921,2007,0.16
959,2007,0
990,2007,0.16
991,2007,0.16
996,2007,0.16
997,2007,0.16
0,2008,0
100,2008,0.22
190,2008,0.22
200,2008,0.16
201,2008,0.16
202,2008,0.16
203,2008,0.16
204,2008,0.16
205,2008,0.16
206,2008,0.16
207,2008,0.16
208,2008,0.16
209,2008,0.16
210,2008,0.16
211,2008,0.16
212,2008,0.16
213,2008,0.16
224,2008,0.16
225,2008,0.16
234,2008,0.16
236,2008,0.16
239,2008,0.16
240,2008,0.16
241,2008,0.16
278,2008,0.16
288,2008,0.16
290,2008,0.16
294,2008,0.16
295,2008,0.16
297,2008,0.16
299,2008,0.16
300,2008,0.2
301,2008,0.2
313,2008,0.2
314,2008,0.2
315,2008,0.2
318,2008,0.2
319,2008,0.2
320,2008,0.2
321,2008,0.2
390,2008,0.2
391,2008,0.2
396,2008,0.2
397,2008,0.2
399,2008,0.2
400,2008,0.3
401,2008,0.3
413,2008,0
414,2008,0
415,2008,0
416,2008,0
417,2008,0.3
418,2008,0.3
419,2008,0
420,2008,0
421,2008,0
422,2008,0.3
423,2008,0
426,2008,0
427,2008,0
428,2008,0.3
429,2008,0
430,2008,0.3
431,2008,0.3
432,2008,0
433,2008,0.3
435,2008,0.3
480,2008,0.3
483,2008,0.3
487,2008,0
489,2008,0
490,2008,0.3
491,2008,0.3
492,2008,0.3
493,2008,0.3
496,2008,0
497,2008,0.3
499,2008,0.3
500,2008,0.38
501,2008,0.38
516,2008,0.38
517,2008,0.38
522,2008,0.38
523,2008,0.38
526,2008,0.38
527,2008,0.38
528,2008,0.38
529,2008,0.38
530,2008,0.38
531,2008,0.38
532,2008,0.38
533,2008,0.38
535,2008,0.38
550,2008,0.36
580,2008,0.36
581,2008,0.36
583,2008,0.36
587,2008,0.36
589,2008,0.36
590,2008,0.38
591,2008,0.38
592,2008,0.38
593,2008,0.36
597,2008,0.38
599,2008,0.38
637,2008,0.16
638,2008,0
650,2008,0.3
651,2008,0.16
654,2008,0.16
655,2008,0.16
663,2008,0.16
666,2008,0
668,2008,0
669,2008,0
670,2008,0.16
671,2008,0.16
673,2008,0.16
677,2008,0.16
679,2008,0.16
680,2008,0.16
681,2008,0.3
683,2008,0
687,2008,0.16
689,2008,0.16
693,2008,0.16
700,2008,0.16
701,2008,0
716,2008,0
717,2008,0.16
722,2008,0
723,2008,0.16
726,2008,0
727,2008,0
728,2008,0.16
729,2008,0.3
730,2008,0.3
731,2008,0.3
732,2008,0
733,2008,0
735,2008,0
742,2008,0
743,2008,0
745,2008,0
746,2008,0
747,2008,0
748,2008,0
752,2008,0
753,2008,0
756,2008,0
757,2008,0
758,2008,0
760,2008,0
761,2008,0
762,2008,0
764,2008,0
765,2008,0.3
767,2008,0
772,2008,0
774,2008,0.16
790,2008,0.16
791,2008,0.16
792,2008,0.16
797,2008,0.16
798,2008,0
799,2008,0
801,2008,0
816,2008,0
817,2008,0.16
822,2008,0.16
823,2008,0.16
826,2008,0
827,2008,0.16
828,2008,0.16
829,2008,0
830,2008,0.16
831,2008,0.16
832,2008,0
833,2008,0.16
835,2008,0
850,2008,0.16
880,2008,0.16
881,2008,0
883,2008,0.16
887,2008,0.16
889,2008,0
890,2008,0.16
891,2008,0.16
892,2008,0.16
893,2008,0.16
897,2008,0.16
899,2008,0.16
900,2008,0.16
901,2008,0.16
913,2008,0.16
914,2008,0.16
915,2008,0.16
918,2008,0.16
919,2008,0.16
920,2008,0.16
921,2008,0.16
959,2008,0
990,2008,0.16
991,2008,0.16
996,2008,0.16
997,2008,0.16
0,2009,0
100,2009,0.1
190,2009,0.1
200,2009,0.1
201,2009,0.1
202,2009,0.1
203,2009,0.1
204,2009,0.1
205,2009,0.1
206,2009,0.1
207,2009,0.1
208,2009,0.1
209,2009,0.1
210,2009,0.1
211,2009,0.1
212,2009,0.1
213,2009,0.1
224,2009,0.1
225,2009,0.1
234,2009,0.1
236,2009,0.1
239,2009,0.1
240,2009,0.1
241,2009,0.1
278,2009,0.1
288,2009,0.1
290,2009,0.1
294,2009,0.1
295,2009,0.1
297,2009,0.1
299,2009,0.1
300,2009,0.16
301,2009,0.16
313,2009,0.16
314,2009,0.16
315,2009,0.16
318,2009,0.16
319,2009,0.16
320,2009,0.16
321,2009,0.16
390,2009,0.16
391,2009,0.16
396,2009,0.16
397,2009,0.16
399,2009,0.16
400,2009,0.25
401,2009,0.25
413,2009,0
414,2009,0
415,2009,0
416,2009,0
417,2009,0.25
418,2009,0.25
419,2009,0
420,2009,0
421,2009,0
422,2009,0.25
423,2009,0
426,2009,0
427,2009,0
428,2009,0.25
429,2009,0
430,2009,0.25
431,2009,0.25
432,2009,0
433,2009,0.25
435,2009,0.25
480,2009,0.25
483,2009,0.25
487,2009,0
489,2009,0
490,2009,0.25
491,2009,0.25
492,2009,0.25
493,2009,0.25
496,2009,0
497,2009,0.25
499,2009,0.25
500,2009,0.25
501,2009,0.25
516,2009,0.25
517,2009,0.25
522,2009,0.25
523,2009,0.25
526,2009,0.25
527,2009,0.25
528,2009,0.25
529,2009,0.25
530,2009,0.25
531,2009,0.25
532,2009,0.25
533,2009,0.25
535,2009,0.25
550,2009,0.25
580,2009,0.25
581,2009,0.25
583,2009,0.25
587,2009,0.25
589,2009,0.25
590,2009,0.25
591,2009,0.25
592,2009,0.25
593,2009,0.25
597,2009,0.25
599,2009,0.25
637,2009,0.1
638,2009,0.1
650,2009,0.2
651,2009,0.1
654,2009,0.1
655,2009,0.1
663,2009,0.1
666,2009,0
668,2009,0.1
669,2009,0
670,2009,0.1
671,2009,0.1
673,2009,0.1
677,2009,0.1
679,2009,0.1
680,2009,0.2
681,2009,0
683,2009,0
687,2009,0
689,2009,0.2
693,2009,0.1
700,2009,0.1
701,2009,0
716,2009,0
717,2009,0.1
722,2009,0
723,2009,0.1
726,2009,0
727,2009,0
728,2009,0.1
729,2009,0.1
730,2009,0
731,2009,0
732,2009,0
733,2009,0
735,2009,0
742,2009,0
743,2009,0
745,2009,0
746,2009,0
747,2009,0
748,2009,0
752,2009,0
753,2009,0
756,2009,0
757,2009,0
758,2009,0
760,2009,0
761,2009,0
762,2009,0
764,2009,0
765,2009,0
767,2009,0
772,2009,0
774,2009,0.1
790,2009,0.1
791,2009,0.1
792,2009,0.1
797,2009,0.1
798,2009,0
799,2009,0
801,2009,0
816,2009,0
817,2009,0.1
822,2009,0.1
823,2009,0.1
826,2009,0
827,2009,0.1
828,2009,0.1
829,2009,0.1
830,2009,0.1
831,2009,0.1
832,2009,0
833,2009,0.1
835,2009,0
850,2009,0.1
880,2009,0.1
881,2009,0
883,2009,0.1
887,2009,0.1
889,2009,0
890,2009,0.1
891,2009,0.1
892,2009,0.1
893,2009,0.1
897,2009,0.1
899,2009,0.1
900,2009,0.1
901,2009,0.1
913,2009,0.1
914,2009,0.1
915,2009,0.1
918,2009,0.1
919,2009,0.1
920,2009,0
921,2009,0.1
959,2009,0
990,2009,0.1
991,2009,0.1
996,2009,0.1
997,2009,0.1
0,2010,0
100,2010,0.1
190,2010,0.1
200,2010,0.1
201,2010,0.1
202,2010,0.1
203,2010,0.1
204,2010,0.1
205,2010,0.1
206,2010,0.1
207,2010,0.1
208,2010,0.1
209,2010,0.1
210,2010,0.1
211,2010,0.1
212,2010,0.1
213,2010,0.1
224,2010,0.1
225,2010,0.1
234,2010,0.1
236,2010,0.1
239,2010,0.1
240,2010,0.1
241,2010,0.1
278,2010,0.1
288,2010,0.1
290,2010,0.1
294,2010,0.1
295,2010,0.1
297,2010,0.1
299,2010,0.1
300,2010,0.13
301,2010,0.13
313,2010,0.13
314,2010,0.13
315,2010,0.13
318,2010,0.13
319,2010,0.13
320,2010,0.13
321,2010,0.13
390,2010,0.13
391,2010,0.13
396,2010,0.13
397,2010,0.13
399,2010,0.13
400,2010,0.25
401,2010,0.25
413,2010,0
414,2010,0
415,2010,0
416,2010,0
417,2010,0.25
418,2010,0.25
419,2010,0
420,2010,0
421,2010,0
422,2010,0.25
423,2010,0
426,2010,0
427,2010,0
428,2010,0.25
429,2010,0
430,2010,0.25
431,2010,0.25
432,2010,0
433,2010,0.25
435,2010,0.25
480,2010,0.25
483,2010,0.25
487,2010,0
489,2010,0
490,2010,0.25
491,2010,0.25
492,2010,0.25
493,2010,0.25
496,2010,0
497,2010,0.25
499,2010,0.25
500,2010,0.25
501,2010,0.25
516,2010,0.25
517,2010,0.25
522,2010,0.25
523,2010,0.25
526,2010,0.25
527,2010,0.25
528,2010,0.25
529,2010,0.25
530,2010,0.25
531,2010,0.25
532,2010,0.25
533,2010,0.25
535,2010,0.25
550,2010,0.25
580,2010,0.25
581,2010,0.25
583,2010,0.25
587,2010,0.25
589,2010,0.25
590,2010,0.25
591,2010,0.25
592,2010,0.25
593,2010,0.25
597,2010,0.25
599,2010,0.25
637,2010,0.1
638,2010,0.1
650,2010,0.2
651,2010,0.1
654,2010,0.1
655,2010,0.1
663,2010,0.1
666,2010,0
668,2010,0.1
669,2010,0
670,2010,0.1
671,2010,0.1
673,2010,0.1
677,2010,0.1
679,2010,0.1
680,2010,0.2
681,2010,0
683,2010,0.1
687,2010,0
689,2010,0.1
693,2010,0.2
700,2010,0.15
701,2010,0
716,2010,0
717,2010,0.1
722,2010,0
723,2010,0.1
726,2010,0
727,2010,0
728,2010,0.1
729,2010,0.1
730,2010,0
731,2010,0
732,2010,0
733,2010,0
735,2010,0
742,2010,0
743,2010,0
745,2010,0
746,2010,0
747,2010,0
748,2010,0
752,2010,0
753,2010,0
756,2010,0
757,2010,0
758,2010,0
760,2010,0
761,2010,0
762,2010,0
764,2010,0
765,2010,0
767,2010,0
772,2010,0
774,2010,0.2
790,2010,0.1
791,2010,0.15
792,2010,0.1
797,2010,0.1
798,2010,0
799,2010,0
801,2010,0
816,2010,0
817,2010,0.1
822,2010,0.1
823,2010,0.1
826,2010,0
827,2010,0.1
828,2010,0.1
829,2010,0.1
830,2010,0.1
831,2010,0.1
832,2010,0
833,2010,0.1
835,2010,0
850,2010,0.1
880,2010,0.1
881,2010,0
883,2010,0.1
887,2010,0.1
889,2010,0
890,2010,0.1
891,2010,0.1
892,2010,0.1
893,2010,0.1
897,2010,0.1
899,2010,0.1
900,2010,0.1
901,2010,0.1
913,2010,0.1
914,2010,0.1
915,2010,0.1
918,2010,0.1
919,2010,0.1
920,2010,0
921,2010,0
959,2010,0
990,2010,0.1
991,2010,0.1
996,2010,0.1
997,2010,0.1
0,2011,0
100,2011,0.1
190,2011,0.1
200,2011,0.1
201,2011,0.1
202,2011,0.1
203,2011,0.1
204,2011,0.1
205,2011,0.1
206,2011,0.1
207,2011,0.1
208,2011,0.1
209,2011,0.1
210,2011,0.1
211,2011,0.1
212,2011,0.1
213,2011,0.1
224,2011,0.1
225,2011,0.1
234,2011,0.1
236,2011,0.1
239,2011,0.1
240,2011,0.1
241,2011,0.1
278,2011,0.1
288,2011,0.1
290,2011,0.1
294,2011,0.1
295,2011,0.1
297,2011,0.1
299,2011,0.1
300,2011,0.1
301,2011,0.1
313,2011,0.1
314,2011,0.1
315,2011,0.1
318,2011,0.1
319,2011,0
320,2011,0.1
321,2011,0.1
390,2011,0.1
391,2011,0.1
396,2011,0.1
397,2011,0.1
399,2011,0.1
400,2011,0.25
401,2011,0.25
413,2011,0
414,2011,0
415,2011,0
416,2011,0
417,2011,0.25
418,2011,0.25
419,2011,0
420,2011,0
421,2011,0
422,2011,0.25
423,2011,0
426,2011,0
427,2011,0
428,2011,0.25
429,2011,0
430,2011,0.25
431,2011,0.25
432,2011,0
433,2011,0.25
435,2011,0.25
480,2011,0.25
483,2011,0.25
487,2011,0
489,2011,0
490,2011,0.25
491,2011,0.25
492,2011,0.25
493,2011,0.25
496,2011,0
497,2011,0.25
499,2011,0.25
500,2011,0.25
501,2011,0.25
516,2011,0.25
517,2011,0.25
522,2011,0.25
523,2011,0.25
526,2011,0.25
527,2011,0.25
528,2011,0.25
529,2011,0.25
530,2011,0.25
531,2011,0.25
532,2011,0.25
533,2011,0.25
535,2011,0.25
550,2011,0.25
580,2011,0.25
581,2011,0.25
583,2011,0.25
587,2011,0.25
589,2011,0.25
590,2011,0.25
591,2011,0.25
592,2011,0.25
593,2011,0.25
597,2011,0.25
599,2011,0.25
637,2011,0.1
638,2011,0.1
650,2011,0.2
651,2011,0.1
654,2011,0.1
655,2011,0.1
663,2011,0.1
666,2011,0
668,2011,0.1
669,2011,0
670,2011,0.1
671,2011,0.1
673,2011,0.1
677,2011,0.15
679,2011,0.1
680,2011,0.1
681,2011,0
683,2011,0
687,2011,0
689,2011,0
693,2011,0.2
700,2011,0.1
701,2011,0
716,2011,0
717,2011,0.1
722,2011,0
723,2011,0.1
726,2011,0
727,2011,0
728,2011,0.1
729,2011,0.1
730,2011,0
731,2011,0
732,2011,0
733,2011,0
735,2011,0
742,2011,0
743,2011,0
745,2011,0
746,2011,0
747,2011,0
748,2011,0
752,2011,0
753,2011,0
756,2011,0
757,2011,0
758,2011,0
760,2011,0
761,2011,0
762,2011,0
764,2011,0
765,2011,0
767,2011,0
772,2011,0
774,2011,0.15
790,2011,0.1
791,2011,0.1
792,2011,0.1
797,2011,0.1
798,2011,0
799,2011,0
801,2011,0
816,2011,0
817,2011,0.1
822,2011,0.1
823,2011,0.1
826,2011,0
827,2011,0.1
828,2011,0.1
829,2011,0.1
830,2011,0.1
831,2011,0.1
832,2011,0
833,2011,0.1
835,2011,0
850,2011,0.1
880,2011,0.1
881,2011,0
883,2011,0.1
887,2011,0.1
889,2011,0
890,2011,0.1
891,2011,0.1
892,2011,0.1
893,2011,0.15
897,2011,0.1
899,2011,0.1
900,2011,0.1
901,2011,0.1
913,2011,0.1
914,2011,0.1
915,2011,0.1
918,2011,0.1
919,2011,0.1
920,2011,0
921,2011,0
959,2011,0
990,2011,0.1
991,2011,0.1
996,2011,0.1
997,2011,0.1
0,2012,0
100,2012,0.1
190,2012,0.1
200,2012,0.1
201,2012,0.1
202,2012,0.1
203,2012,0.1
204,2012,0.1
205,2012,0.1
206,2012,0.1
207,2012,0.1
208,2012,0.1
209,2012,0.1
210,2012,0.1
211,2012,0.1
212,2012,0.1
213,2012,0.1
224,2012,0.1
225,2012,0.1
234,2012,0.1
236,2012,0.1
239,2012,0.1
240,2012,0.1
241,2012,0.1
278,2012,0.1
288,2012,0.1
290,2012,0.1
294,2012,0.1
295,2012,0.1
297,2012,0.1
299,2012,0.1
300,2012,0.1
301,2012,0.1
313,2012,0.1
314,2012,0.1
315,2012,0.1
318,2012,0.1
319,2012,0
320,2012,0
321,2012,0
390,2012,0.1
391,2012,0.1
396,2012,0.1
397,2012,0.1
399,2012,0.1
400,2012,0.25
401,2012,0.25
413,2012,0
414,2012,0
415,2012,0
416,2012,0
417,2012,0.25
418,2012,0.25
419,2012,0
420,2012,0
421,2012,0
422,2012,0.25
423,2012,0
426,2012,0
427,2012,0
428,2012,0.25
429,2012,0
430,2012,0.25
431,2012,0.25
432,2012,0
433,2012,0.25
435,2012,0.25
480,2012,0.25
483,2012,0.25
487,2012,0
489,2012,0
490,2012,0.25
491,2012,0.25
492,2012,0.25
493,2012,0.25
496,2012,0
497,2012,0.25
499,2012,0.25
500,2012,0.25
501,2012,0.25
516,2012,0.25
517,2012,0.25
522,2012,0.25
523,2012,0.25
526,2012,0.25
527,2012,0.25
528,2012,0.25
529,2012,0.25
530,2012,0.25
531,2012,0.25
532,2012,0.25
533,2012,0.25
535,2012,0.25
550,2012,0.25
580,2012,0.25
581,2012,0.25
583,2012,0.25
587,2012,0.25
589,2012,0.25
590,2012,0.25
591,2012,0.25
592,2012,0.25
593,2012,0.25
597,2012,0.25
599,2012,0.25
637,2012,0.1
638,2012,0.1
650,2012,0.2
651,2012,0.1
654,2012,0.1
655,2012,0.1
663,2012,0.1
666,2012,0
668,2012,0.1
669,2012,0
670,2012,0.1
671,2012,0.1
673,2012,0.1
677,2012,0.1
679,2012,0.1
680,2012,0.2
681,2012,0
683,2012,0
687,2012,0
689,2012,0
693,2012,0.2
700,2012,0.1
701,2012,0
716,2012,0
717,2012,0.1
722,2012,0
723,2012,0.15
726,2012,0
727,2012,0
728,2012,0.1
729,2012,0.1
730,2012,0
731,2012,0
732,2012,0
733,2012,0
735,2012,0
742,2012,0
743,2012,0
745,2012,0
746,2012,0
747,2012,0
748,2012,0
752,2012,0
753,2012,0
756,2012,0
757,2012,0
758,2012,0
760,2012,0
761,2012,0
762,2012,0
764,2012,0
765,2012,0
767,2012,0
772,2012,0
774,2012,0.1
790,2012,0.1
791,2012,0.1
792,2012,0.1
797,2012,0.1
798,2012,0
799,2012,0
801,2012,0.1
816,2012,0
817,2012,0.1
822,2012,0.1
823,2012,0.1
826,2012,0
827,2012,0.1
828,2012,0.1
829,2012,0.1
830,2012,0.1
831,2012,0.1
832,2012,0
833,2012,0.1
835,2012,0
850,2012,0.1
880,2012,0.1
881,2012,0
883,2012,0.1
887,2012,0.1
889,2012,0
890,2012,0.1
891,2012,0.1
892,2012,0.1
893,2012,0.1
897,2012,0.1
899,2012,0.1
900,2012,0.1
901,2012,0.1
913,2012,0.1
914,2012,0.1
915,2012,0.1
918,2012,0.1
919,2012,0.1
920,2012,0
921,2012,0
959,2012,0
990,2012,0.1
991,2012,0.1
996,2012,0.1
997,2012,0.1
0,2013,0
100,2013,0.1
190,2013,0.1
200,2013,0.1
201,2013,0.1
202,2013,0.1
203,2013,0.1
204,2013,0.1
205,2013,0.1
206,2013,0.1
207,2013,0.1
208,2013,0.1
209,2013,0.1
210,2013,0.1
211,2013,0.1
212,2013,0.1
213,2013,0.1
224,2013,0.1
225,2013,0.1
234,2013,0.1
236,2013,0.1
239,2013,0.1
240,2013,0.1
241,2013,0.1
278,2013,0.1
288,2013,0.1
290,2013,0.1
294,2013,0.1
295,2013,0.1
297,2013,0.1
299,2013,0.1
300,2013,0.1
301,2013,0.1
313,2013,0.1
314,2013,0.1
315,2013,0.1
318,2013,0.1
319,2013,0
320,2013,0
321,2013,0
390,2013,0.1
391,2013,0.1
396,2013,0.1
397,2013,0.1
399,2013,0.1
400,2013,0.25
401,2013,0.25
413,2013,0
414,2013,0
415,2013,0
416,2013,0
417,2013,0.25
418,2013,0.25
419,2013,0
420,2013,0
421,2013,0
422,2013,0.25
423,2013,0
426,2013,0
427,2013,0
428,2013,0.25
429,2013,0
430,2013,0.25
431,2013,0.25
432,2013,0
433,2013,0.25
435,2013,0.25
480,2013,0.25
483,2013,0.25
487,2013,0
489,2013,0
490,2013,0.25
491,2013,0.25
492,2013,0.25
493,2013,0.25
496,2013,0
497,2013,0.25
499,2013,0.25
500,2013,0.25
501,2013,0.25
516,2013,0.25
517,2013,0.25
522,2013,0.25
523,2013,0.25
526,2013,0.25
527,2013,0.25
528,2013,0.25
529,2013,0.25
530,2013,0.25
531,2013,0.25
532,2013,0.25
533,2013,0.25
535,2013,0.25
550,2013,0.25
580,2013,0.25
581,2013,0.25
583,2013,0.25
587,2013,0.25
589,2013,0.25
590,2013,0.25
591,2013,0.25
592,2013,0.25
593,2013,0.25
597,2013,0.25
599,2013,0.25
637,2013,0.1
638,2013,0.1
650,2013,0.2
651,2013,0.1
654,2013,0.1
655,2013,0.1
663,2013,0.1
666,2013,0
668,2013,0.1
669,2013,0
670,2013,0.1
671,2013,0.1
673,2013,0.2
677,2013,0.1
679,2013,0.1
680,2013,0.2
681,2013,0
683,2013,0
687,2013,0
689,2013,0
693,2013,0.2
700,2013,0.1
701,2013,0
716,2013,0
717,2013,0.2
722,2013,0
723,2013,0.2
726,2013,0
727,2013,0
728,2013,0.1
729,2013,0.1
730,2013,0
731,2013,0
732,2013,0
733,2013,0
735,2013,0
742,2013,0
743,2013,0
745,2013,0
746,2013,0.1
747,2013,0
748,2013,0
752,2013,0
753,2013,0
756,2013,0
757,2013,0
758,2013,0
760,2013,0
761,2013,0
762,2013,0
764,2013,0
765,2013,0
767,2013,0
772,2013,0
774,2013,0.1
790,2013,0.1
791,2013,0.1
792,2013,0.1
797,2013,0.1
798,2013,0
799,2013,0
801,2013,0.1
816,2013,0
817,2013,0.1
822,2013,0.1
823,2013,0.1
826,2013,0
827,2013,0.1
828,2013,0.1
829,2013,0.1
830,2013,0.1
831,2013,0.1
832,2013,0
833,2013,0.1
835,2013,0
850,2013,0.1
880,2013,0.1
881,2013,0
883,2013,0.1
887,2013,0.1
889,2013,0.1
890,2013,0.1
891,2013,0.2
892,2013,0.1
893,2013,0.1
897,2013,0.1
899,2013,0.1
900,2013,0.1
901,2013,0.1
913,2013,0.1
914,2013,0.1
915,2013,0.1
918,2013,0.1
919,2013,0.1
920,2013,0
921,2013,0
959,2013,0
990,2013,0.1
991,2013,0.1
996,2013,0.1
997,2013,0.1
0,2014,0
100,2014,0.1
190,2014,0.1
200,2014,0.1
201,2014,0.1
202,2014,0.1
203,2014,0.1
204,2014,0.1
205,2014,0.1
206,2014,0.1
207,2014,0.1
208,2014,0.1
209,2014,0.1
210,2014,0.1
211,2014,0.1
212,2014,0.1
213,2014,0.1
224,2014,0.1
225,2014,0.1
234,2014,0.1
236,2014,0.1
239,2014,0.1
240,2014,0.1
241,2014,0.1
278,2014,0.1
288,2014,0.1
290,2014,0.1
294,2014,0.1
295,2014,0.1
297,2014,0.1
299,2014,0.1
300,2014,0.1
301,2014,0.1
313,2014,0.1
314,2014,0.1
315,2014,0.1
318,2014,0.1
319,2014,0
320,2014,0
321,2014,0
390,2014,0.1
391,2014,0.1
396,2014,0.1
397,2014,0.1
399,2014,0.1
400,2014,0.25
401,2014,0.25
413,2014,0
414,2014,0
415,2014,0
416,2014,0
417,2014,0.25
418,2014,0.25
419,2014,0
420,2014,0
421,2014,0
422,2014,0.25
423,2014,0
426,2014,0
427,2014,0
428,2014,0.25
429,2014,0
430,2014,0.25
431,2014,0.25
432,2014,0
433,2014,0.25
435,2014,0.25
480,2014,0.25
483,2014,0.25
487,2014,0
489,2014,0
490,2014,0.25
491,2014,0.25
492,2014,0.25
493,2014,0.25
496,2014,0
497,2014,0.25
499,2014,0.25
500,2014,0.25
501,2014,0.25
516,2014,0.25
517,2014,0.25
522,2014,0.25
523,2014,0.25
526,2014,0.25
527,2014,0.25
528,2014,0.25
529,2014,0.25
530,2014,0.25
531,2014,0.25
532,2014,0.25
533,2014,0.25
535,2014,0.25
550,2014,0.25
580,2014,0.25
581,2014,0.25
583,2014,0.25
587,2014,0.25
589,2014,0.25
590,2014,0.25
591,2014,0.25
592,2014,0.25
593,2014,0.25
597,2014,0.25
599,2014,0.25
637,2014,0.1
638,2014,0.1
650,2014,0.2
651,2014,0.1
654,2014,0.1
655,2014,0.1
663,2014,0.1
666,2014,0
668,2014,0
669,2014,0
670,2014,0.1
671,2014,0.1
673,2014,0.1
677,2014,0.1
679,2014,0.15
680,2014,0.2
681,2014,0
683,2014,0.1
687,2014,0
689,2014,0
693,2014,0.2
700,2014,0.1
701,2014,0
716,2014,0
717,2014,0
722,2014,0
723,2014,0.1
726,2014,0
727,2014,0
728,2014,0.1
729,2014,0.1
730,2014,0
731,2014,0
732,2014,0
733,2014,0
735,2014,0
742,2014,0
743,2014,0
745,2014,0
746,2014,0.1
747,2014,0
748,2014,0
752,2014,0.1
753,2014,0
756,2014,0
757,2014,0
758,2014,0
760,2014,0
761,2014,0
762,2014,0
764,2014,0
765,2014,0.1
767,2014,0
772,2014,0
774,2014,0.1
790,2014,0.1
791,2014,0.1
792,2014,0.1
797,2014,0.1
798,2014,0
799,2014,0
801,2014,0.1
816,2014,0
817,2014,0.1
822,2014,0.1
823,2014,0.1
826,2014,0
827,2014,0.1
828,2014,0.1
829,2014,0.1
830,2014,0.1
831,2014,0.1
832,2014,0
833,2014,0.1
835,2014,0
850,2014,0.1
880,2014,0.1
881,2014,0
883,2014,0.1
887,2014,0.1
889,2014,0.1
890,2014,0.1
891,2014,0.1
892,2014,0.1
893,2014,0.1
897,2014,0.1
899,2014,0.1
900,2014,0.1
901,2014,0.1
913,2014,0.1
914,2014,0.1
915,2014,0.1
918,2014,0.1
919,2014,0.1
920,2014,0
921,2014,0
959,2014,0
990,2014,0.1
991,2014,0.1
996,2014,0.1
997,2014,0.1
0,2015,0
100,2015,0.1
190,2015,0.1
200,2015,0.1
201,2015,0.1
202,2015,0.1
203,2015,0.1
204,2015,0.1
205,2015,0.1
206,2015,0.1
207,2015,0.1
208,2015,0.1
209,2015,0.1
210,2015,0.1
211,2015,0.1
212,2015,0.1
213,2015,0.1
224,2015,0.1
225,2015,0.1
234,2015,0.1
236,2015,0.1
239,2015,0.1
240,2015,0.1
241,2015,0.1
278,2015,0.1
288,2015,0.1
290,2015,0.1
294,2015,0.1
295,2015,0.1
297,2015,0.1
299,2015,0.1
300,2015,0.1
301,2015,0.1
313,2015,0.1
314,2015,0.1
315,2015,0.1
318,2015,0.1
319,2015,0
320,2015,0
321,2015,0
390,2015,0.1
391,2015,0.1
396,2015,0.1
397,2015,0.1
399,2015,0.1
400,2015,0.25
401,2015,0.25
413,2015,0
414,2015,0
415,2015,0
416,2015,0
417,2015,0.25
418,2015,0.25
419,2015,0
420,2015,0
421,2015,0
422,2015,0.25
423,2015,0
426,2015,0
427,2015,0
428,2015,0.25
429,2015,0
430,2015,0.25
431,2015,0.25
432,2015,0
433,2015,0.25
435,2015,0.25
480,2015,0.25
483,2015,0.25
487,2015,0
489,2015,0
490,2015,0.25
491,2015,0.25
492,2015,0.25
493,2015,0.25
496,2015,0
497,2015,0.25
499,2015,0.25
500,2015,0.25
501,2015,0.25
516,2015,0.25
517,2015,0.25
522,2015,0.25
523,2015,0.25
526,2015,0.25
527,2015,0.25
528,2015,0.25
529,2015,0.25
530,2015,0.25
531,2015,0.25
532,2015,0.25
533,2015,0.25
535,2015,0.25
550,2015,0.25
580,2015,0.25
581,2015,0.25
583,2015,0.25
587,2015,0.25
589,2015,0.25
590,2015,0.25
591,2015,0.25
592,2015,0.25
593,2015,0.25
597,2015,0.25
599,2015,0.25
637,2015,0.1
638,2015,0.1
650,2015,0.2
651,2015,0.1
654,2015,0.1
655,2015,0.1
663,2015,0.1
666,2015,0
668,2015,0.1
669,2015,0
670,2015,0.1
671,2015,0.1
673,2015,0.1
677,2015,0.1
679,2015,0.1
680,2015,0.1
681,2015,0
683,2015,0
687,2015,0.1
689,2015,0
693,2015,0.2
700,2015,0.1
701,2015,0
716,2015,0
717,2015,0
722,2015,0
723,2015,0.1
726,2015,0
727,2015,0
728,2015,0.2
729,2015,0.1
730,2015,0
731,2015,0
732,2015,0
733,2015,0
735,2015,0
742,2015,0
743,2015,0
745,2015,0
746,2015,0.1
747,2015,0
748,2015,0
752,2015,0.1
753,2015,0
756,2015,0
757,2015,0
758,2015,0
760,2015,0
761,2015,0
762,2015,0
764,2015,0
765,2015,0.1
767,2015,0
772,2015,0
774,2015,0.1
790,2015,0.1
791,2015,0.1
792,2015,0.1
797,2015,0.1
798,2015,0
799,2015,0
801,2015,0.1
816,2015,0
817,2015,0.1
822,2015,0.1
823,2015,0.1
826,2015,0
827,2015,0.1
828,2015,0.1
829,2015,0.1
830,2015,0.1
831,2015,0.1
832,2015,0
833,2015,0.15
835,2015,0
850,2015,0.1
880,2015,0.1
881,2015,0
883,2015,0.1
887,2015,0.1
889,2015,0.1
890,2015,0.1
891,2015,0.1
892,2015,0.1
893,2015,0.1
897,2015,0.1
899,2015,0.1
900,2015,0.1
901,2015,0.1
913,2015,0.1
914,2015,0.1
915,2015,0.1
918,2015,0.1
919,2015,0.1
920,2015,0
921,2015,0
959,2015,0
990,2015,0.1
991,2015,0.1
996,2015,0.1
997,2015,0.1
0,2016,0
100,2016,0.1
190,2016,0.1
200,2016,0.1
201,2016,0.1
202,2016,0.1
203,2016,0.1
204,2016,0.1
205,2016,0.1
206,2016,0.1
207,2016,0.1
208,2016,0.1
209,2016,0.1
210,2016,0.1
211,2016,0.1
212,2016,0.1
213,2016,0.1
224,2016,0.1
225,2016,0.1
234,2016,0.1
236,2016,0.1
239,2016,0.1
240,2016,0.1
241,2016,0.1
278,2016,0.1
288,2016,0.1
290,2016,0.1
294,2016,0.1
295,2016,0.1
297,2016,0.1
299,2016,0.1
300,2016,0.1
301,2016,0.1
313,2016,0.1
314,2016,0.1
315,2016,0.1
318,2016,0.1
319,2016,0
320,2016,0
321,2016,0
390,2016,0.1
391,2016,0.1
396,2016,0.1
397,2016,0.1
399,2016,0.1
400,2016,0.25
401,2016,0.25
413,2016,0
414,2016,0
415,2016,0
416,2016,0
417,2016,0.25
418,2016,0.25
419,2016,0
420,2016,0
421,2016,0
422,2016,0.25
423,2016,0
426,2016,0
427,2016,0
428,2016,0.25
429,2016,0
430,2016,0.25
431,2016,0.25
432,2016,0
433,2016,0.25
435,2016,0.25
480,2016,0.25
483,2016,0.25
487,2016,0
489,2016,0
490,2016,0.25
491,2016,0.25
492,2016,0.25
493,2016,0.25
496,2016,0
497,2016,0.25
499,2016,0.25
500,2016,0.25
501,2016,0.25
516,2016,0.25
517,2016,0.25
522,2016,0.25
523,2016,0.25
526,2016,0.25
527,2016,0.25
528,2016,0.25
529,2016,0.25
530,2016,0.25
531,2016,0.25
532,2016,0.25
533,2016,0.25
535,2016,0.25
550,2016,0.25
580,2016,0.25
581,2016,0.25
583,2016,0.25
587,2016,0.25
589,2016,0.25
590,2016,0.25
591,2016,0.25
592,2016,0.25
593,2016,0.25
597,2016,0.25
599,2016,0.25
637,2016,0.1
638,2016,0.1
650,2016,0.2
651,2016,0.1
654,2016,0.1
655,2016,0.1
663,2016,0.1
666,2016,0
668,2016,0.1
669,2016,0
670,2016,0.1
671,2016,0.15
673,2016,0.1
677,2016,0.1
679,2016,0.1
680,2016,0.1
681,2016,0.1
683,2016,0
687,2016,0.1
689,2016,0
693,2016,0.2
700,2016,0.1
701,2016,0
716,2016,0
717,2016,0
722,2016,0
723,2016,0
726,2016,0
727,2016,0
728,2016,0
729,2016,0.1
730,2016,0
731,2016,0
732,2016,0
733,2016,0
735,2016,0
742,2016,0
743,2016,0
745,2016,0
746,2016,0.1
747,2016,0
748,2016,0
752,2016,0.1
753,2016,0
756,2016,0
757,2016,0
758,2016,0
760,2016,0.1
761,2016,0
762,2016,0
764,2016,0
765,2016,0.1
767,2016,0.1
772,2016,0
774,2016,0.1
790,2016,0.1
791,2016,0.1
792,2016,0.1
797,2016,0.1
798,2016,0
799,2016,0
801,2016,0.1
816,2016,0
817,2016,0.1
822,2016,0.1
823,2016,0.1
826,2016,0
827,2016,0.1
828,2016,0.1
829,2016,0.1
830,2016,0.1
831,2016,0.1
832,2016,0
833,2016,0.2
835,2016,0
850,2016,0.1
880,2016,0.1
881,2016,0
883,2016,0.1
887,2016,0.1
889,2016,0.1
890,2016,0.1
891,2016,0.1
892,2016,0.1
893,2016,0.1
897,2016,0.1
899,2016,0.1
900,2016,0.1
901,2016,0.1
913,2016,0.1
914,2016,0.1
915,2016,0.1
918,2016,0.1
919,2016,0.1
920,2016,0
921,2016,0
959,2016,0
990,2016,0.1
991,2016,0.1
996,2016,0.1
997,2016,0.1
0,2017,0
100,2017,0.1
190,2017,0.1
200,2017,0.1
201,2017,0.1
202,2017,0.1
203,2017,0.1
204,2017,0.1
205,2017,0.1
206,2017,0.1
207,2017,0.1
208,2017,0.1
209,2017,0.1
210,2017,0.1
211,2017,0.1
212,2017,0.1
213,2017,0.1
224,2017,0.1
225,2017,0.1
234,2017,0.1
236,2017,0.1
239,2017,0.1
240,2017,0.1
241,2017,0.1
278,2017,0.1
288,2017,0.1
290,2017,0.1
294,2017,0
295,2017,0.1
297,2017,0.1
299,2017,0.1
300,2017,0.1
301,2017,0.1
313,2017,0.1
314,2017,0.1
315,2017,0.1
318,2017,0.1
319,2017,0
320,2017,0
321,2017,0
390,2017,0.1
391,2017,0.1
396,2017,0.1
397,2017,0.1
399,2017,0.1
400,2017,0.25
401,2017,0.25
413,2017,0
414,2017,0
415,2017,0
416,2017,0
417,2017,0.25
418,2017,0.25
419,2017,0
420,2017,0
421,2017,0
422,2017,0.25
423,2017,0
426,2017,0
427,2017,0
428,2017,0.25
429,2017,0
430,2017,0.25
431,2017,0.25
432,2017,0
433,2017,0.25
435,2017,0.25
480,2017,0.25
483,2017,0.25
487,2017,0
489,2017,0
490,2017,0.25
491,2017,0.25
492,2017,0.25
493,2017,0.25
496,2017,0
497,2017,0.25
499,2017,0.25
500,2017,0.25
501,2017,0.25
516,2017,0.25
517,2017,0.25
522,2017,0.25
523,2017,0.25
526,2017,0.25
527,2017,0.25
528,2017,0.25
529,2017,0.25
530,2017,0.25
531,2017,0.25
532,2017,0.25
533,2017,0.25
535,2017,0.25
550,2017,0.25
580,2017,0.25
581,2017,0.25
583,2017,0.25
587,2017,0.25
589,2017,0.25
590,2017,0.25
591,2017,0.25
592,2017,0.25
593,2017,0.25
597,2017,0.25
599,2017,0.25
637,2017,0.1
638,2017,0.1
650,2017,0.2
651,2017,0.1
654,2017,0.1
655,2017,0
663,2017,0.1
666,2017,0
668,2017,0.1
669,2017,0
670,2017,0.1
671,2017,0.1
673,2017,0.1
677,2017,0.1
679,2017,0.1
680,2017,0.1
681,2017,0.1
683,2017,0.1
687,2017,0.1
689,2017,0
693,2017,0.1
700,2017,0.1
701,2017,0
716,2017,0
717,2017,0.1
722,2017,0.1
723,2017,0
726,2017,0
727,2017,0
728,2017,0
729,2017,0.1
730,2017,0.1
731,2017,0.1
732,2017,0
733,2017,0
735,2017,0
742,2017,0
743,2017,0
745,2017,0
746,2017,0.1
747,2017,0
748,2017,0
752,2017,0.1
753,2017,0
756,2017,0
757,2017,0
758,2017,0
760,2017,0.1
761,2017,0
762,2017,0
764,2017,0
765,2017,0.1
767,2017,0.1
772,2017,0
774,2017,0.1
790,2017,0.1
791,2017,0.1
792,2017,0.1
797,2017,0.1
798,2017,0
799,2017,0
801,2017,0.1
816,2017,0
817,2017,0.1
822,2017,0.2
823,2017,0.1
826,2017,0
827,2017,0.15
828,2017,0.1
829,2017,0.1
830,2017,0.1
831,2017,0.1
832,2017,0
833,2017,0.1
835,2017,0
850,2017,0.1
880,2017,0.1
881,2017,0.1
883,2017,0.15
887,2017,0.1
889,2017,0.1
890,2017,0.15
891,2017,0.1
892,2017,0.1
893,2017,0.1
897,2017,0.1
899,2017,0.1
900,2017,0.1
901,2017,0.1
913,2017,0.1
914,2017,0.1
915,2017,0.1
918,2017,0.1
919,2017,0.1
920,2017,0
921,2017,0
959,2017,0
990,2017,0.1
991,2017,0.1
996,2017,0.1
997,2017,0.1
0,2018,0
100,2018,0.1
190,2018,0.1
200,2018,0.1
201,2018,0.1
202,2018,0.1
203,2018,0.1
204,2018,0.1
205,2018,0.1
206,2018,0.1
207,2018,0.1
208,2018,0.1
209,2018,0.1
210,2018,0.1
211,2018,0.1
212,2018,0.1
213,2018,0.1
224,2018,0.1
225,2018,0.1
234,2018,0.1
236,2018,0.1
239,2018,0.1
240,2018,0.1
241,2018,0.1
278,2018,0.1
288,2018,0.1
290,2018,0.1
294,2018,0
295,2018,0.1
297,2018,0.1
299,2018,0.1
300,2018,0.1
301,2018,0.1
313,2018,0.1
314,2018,0.1
315,2018,0.1
318,2018,0.1
319,2018,0
320,2018,0
321,2018,0
390,2018,0.1
391,2018,0.1
396,2018,0.1
397,2018,0.1
399,2018,0.1
400,2018,0.2
401,2018,0.25
413,2018,0
414,2018,0
415,2018,0
416,2018,0
417,2018,0.2
418,2018,0.2
419,2018,0
420,2018,0
421,2018,0
422,2018,0.2
423,2018,0
426,2018,0
427,2018,0
428,2018,0
429,2018,0
430,2018,0
431,2018,0.25
432,2018,0
433,2018,0.25
435,2018,0.25
480,2018,0.25
483,2018,0
487,2018,0
489,2018,0
490,2018,0.2
491,2018,0.2
492,2018,0.2
493,2018,0.25
496,2018,0
497,2018,0.2
499,2018,0.25
500,2018,0.25
501,2018,0.25
516,2018,0.25
517,2018,0.25
522,2018,0.25
523,2018,0.25
526,2018,0.25
527,2018,0.25
528,2018,0.25
529,2018,0.25
530,2018,0.25
531,2018,0.25
532,2018,0.25
533,2018,0.25
535,2018,0.25
550,2018,0.25
580,2018,0.25
581,2018,0.25
583,2018,0.25
587,2018,0.25
589,2018,0.25
590,2018,0.25
591,2018,0.25
592,2018,0.25
593,2018,0.25
597,2018,0.25
599,2018,0.25
637,2018,0.1
638,2018,0.1
650,2018,0.2
651,2018,0.1
654,2018,0.1
655,2018,0
663,2018,0.1
666,2018,0
668,2018,0.1
669,2018,0
670,2018,0.1
671,2018,0.1
673,2018,0.1
677,2018,0.1
679,2018,0.1
680,2018,0.1
681,2018,0
683,2018,0.1
687,2018,0.1
689,2018,0
693,2018,0.1
700,2018,0.1
701,2018,0
716,2018,0
717,2018,0.1
722,2018,0.1
723,2018,0.1
726,2018,0
727,2018,0
728,2018,0
729,2018,0.1
730,2018,0.15
731,2018,0.1
732,2018,0.1
733,2018,0
735,2018,0
742,2018,0
743,2018,0
745,2018,0
746,2018,0.1
747,2018,0
748,2018,0.1
752,2018,0.1
753,2018,0
756,2018,0
757,2018,0
758,2018,0
760,2018,0.1
761,2018,0
762,2018,0
764,2018,0
765,2018,0.1
767,2018,0.1
772,2018,0
774,2018,0.1
790,2018,0.1
791,2018,0.1
792,2018,0.1
797,2018,0.1
798,2018,0
799,2018,0
801,2018,0.1
816,2018,0
817,2018,0.1
822,2018,0.1
823,2018,0.1
826,2018,0
827,2018,0.15
828,2018,0.1
829,2018,0.1
830,2018,0.1
831,2018,0.1
832,2018,0
833,2018,0.1
835,2018,0
850,2018,0.1
880,2018,0.1
881,2018,0.1
883,2018,0.2
887,2018,0.1
889,2018,0.1
890,2018,0.15
891,2018,0.1
892,2018,0.1
893,2018,0.1
897,2018,0.1
899,2018,0.1
900,2018,0.1
901,2018,0.1
913,2018,0.1
914,2018,0.1
915,2018,0.1
918,2018,0.1
919,2018,0
920,2018,0
921,2018,0
959,2018,0
990,2018,0.1
991,2018,0.1
996,2018,0.1
997,2018,0.1
0,2019,0
100,2019,0.1
190,2019,0.1
200,2019,0.1
201,2019,0.1
202,2019,0.1
203,2019,0.1
204,2019,0.1
205,2019,0.1
206,2019,0.1
207,2019,0.1
208,2019,0.1
209,2019,0.1
210,2019,0.1
211,2019,0.1
212,2019,0.1
213,2019,0.1
224,2019,0.1
225,2019,0.1
234,2019,0.1
236,2019,0.1
239,2019,0.1
240,2019,0.1
241,2019,0.1
278,2019,0.1
288,2019,0.1
290,2019,0.1
294,2019,0
295,2019,0.1
297,2019,0.1
299,2019,0.1
300,2019,0.1
301,2019,0.1
313,2019,0.1
314,2019,0.1
315,2019,0.1
318,2019,0.1
319,2019,0.1
320,2019,0
321,2019,0
390,2019,0.1
391,2019,0.1
396,2019,0.1
397,2019,0.1
399,2019,0.1
400,2019,0.2
401,2019,0.2
413,2019,0
414,2019,0
415,2019,0
416,2019,0
417,2019,0.2
418,2019,0.2
419,2019,0
420,2019,0
421,2019,0
422,2019,0.2
423,2019,0
426,2019,0
427,2019,0.2
428,2019,0
429,2019,0
430,2019,0
431,2019,0.2
432,2019,0
433,2019,0
435,2019,0.25
480,2019,0.2
483,2019,0
487,2019,0
489,2019,0
490,2019,0.2
491,2019,0.2
492,2019,0.2
493,2019,0.2
496,2019,0
497,2019,0.2
499,2019,0.2
500,2019,0.25
501,2019,0.25
516,2019,0.25
517,2019,0.25
522,2019,0.25
523,2019,0.25
526,2019,0.25
527,2019,0.25
528,2019,0.25
529,2019,0.25
530,2019,0.25
531,2019,0.25
532,2019,0.25
533,2019,0.25
535,2019,0.25
550,2019,0.25
580,2019,0.25
581,2019,0.25
583,2019,0.25
587,2019,0.25
589,2019,0.25
590,2019,0.25
591,2019,0.25
592,2019,0.25
593,2019,0.25
597,2019,0.25
599,2019,0.25
637,2019,0.1
638,2019,0.1
650,2019,0.1
651,2019,0.1
654,2019,0.1
655,2019,0
663,2019,0.1
666,2019,0
668,2019,0
669,2019,0
670,2019,0.1
671,2019,0.1
673,2019,0.1
677,2019,0.1
679,2019,0.1
680,2019,0.1
681,2019,0
683,2019,0.1
687,2019,0.1
689,2019,0
693,2019,0.1
700,2019,0.1
701,2019,0
716,2019,0
717,2019,0.1
722,2019,0.1
723,2019,0.1
726,2019,0
727,2019,0
728,2019,0
729,2019,0.1
730,2019,0.1
731,2019,0.15
732,2019,0.1
733,2019,0
735,2019,0
742,2019,0
743,2019,0
745,2019,0
746,2019,0.1
747,2019,0
748,2019,0.1
752,2019,0.1
753,2019,0
756,2019,0
757,2019,0
758,2019,0
760,2019,0.1
761,2019,0
762,2019,0
764,2019,0
765,2019,0.1
767,2019,0.1
772,2019,0
774,2019,0.1
790,2019,0.1
791,2019,0.1
792,2019,0.1
797,2019,0.1
798,2019,0
799,2019,0
801,2019,0.1
816,2019,0
817,2019,0.2
822,2019,0.1
823,2019,0.1
826,2019,0
827,2019,0.1
828,2019,0.1
829,2019,0.1
830,2019,0.1
831,2019,0.1
832,2019,0
833,2019,0.1
835,2019,0
850,2019,0.1
880,2019,0.1
881,2019,0.1
883,2019,0.1
887,2019,0.1
889,2019,0.1
890,2019,0.1
891,2019,0.1
892,2019,0.1
893,2019,0.1
897,2019,0.1
899,2019,0.1
900,2019,0.1
901,2019,0.1
913,2019,0.1
914,2019,0.1
915,2019,0.1
918,2019,0.1
919,2019,0
920,2019,0
921,2019,0
959,2019,0
990,2019,0.1
991,2019,0.1
996,2019,0.1
997,2019,0.1
0,2020,0
100,2020,0.1
190,2020,0.1
200,2020,0.1
201,2020,0.1
202,2020,0.1
203,2020,0.1
204,2020,0.1
205,2020,0.1
206,2020,0.1
207,2020,0.1
208,2020,0.1
209,2020,0.1
210,2020,0.1
211,2020,0.1
212,2020,0.1
213,2020,0.1
224,2020,0.1
225,2020,0.1
234,2020,0.1
236,2020,0.1
239,2020,0.1
240,2020,0.1
241,2020,0.1
278,2020,0.1
288,2020,0.1
290,2020,0.1
294,2020,0
295,2020,0.1
297,2020,0.1
299,2020,0.1
300,2020,0.1
301,2020,0.1
313,2020,0.1
314,2020,0.1
315,2020,0.1
318,2020,0.1
319,2020,0
320,2020,0
321,2020,0
390,2020,0.1
391,2020,0.1
396,2020,0.1
397,2020,0.1
399,2020,0.1
400,2020,0.2
401,2020,0.2
413,2020,0
414,2020,0
415,2020,0
416,2020,0
417,2020,0.2
418,2020,0.2
419,2020,0
420,2020,0
421,2020,0
422,2020,0.2
423,2020,0
426,2020,0
427,2020,0.2
428,2020,0.2
429,2020,0
430,2020,0
431,2020,0.2
432,2020,0
433,2020,0
435,2020,0.2
480,2020,0.2
483,2020,0
487,2020,0
489,2020,0
490,2020,0.2
491,2020,0.2
492,2020,0.2
493,2020,0.2
496,2020,0
497,2020,0.2
499,2020,0.2
500,2020,0.25
501,2020,0.25
516,2020,0.25
517,2020,0.25
522,2020,0.25
523,2020,0.25
526,2020,0.25
527,2020,0.25
528,2020,0.25
529,2020,0.25
530,2020,0.25
531,2020,0.25
532,2020,0.25
533,2020,0.25
535,2020,0.25
550,2020,0.25
580,2020,0.25
581,2020,0.25
583,2020,0.25
587,2020,0.25
589,2020,0.25
590,2020,0.25
591,2020,0.25
592,2020,0.25
593,2020,0.25
597,2020,0.25
599,2020,0.25
637,2020,0.1
638,2020,0.1
650,2020,0.1
651,2020,0.1
654,2020,0.1
655,2020,0
663,2020,0.1
666,2020,0
668,2020,0.1
669,2020,0
670,2020,0.1
671,2020,0.1
673,2020,0.1
677,2020,0.1
679,2020,0.1
680,2020,0.1
681,2020,0
683,2020,0.1
687,2020,0.1
689,2020,0
693,2020,0.2
700,2020,0.1
701,2020,0
716,2020,0
717,2020,0.1
722,2020,0.1
723,2020,0.1
726,2020,0
727,2020,0
728,2020,0
729,2020,0.1
730,2020,0.1
731,2020,0.2
732,2020,0.1
733,2020,0
735,2020,0
742,2020,0
743,2020,0
745,2020,0
746,2020,0.1
747,2020,0
748,2020,0.1
752,2020,0.1
753,2020,0
756,2020,0
757,2020,0
758,2020,0
760,2020,0.1
761,2020,0
762,2020,0
764,2020,0
765,2020,0.1
767,2020,0.1
772,2020,0
774,2020,0.1
790,2020,0.1
791,2020,0.1
792,2020,0.1
797,2020,0.1
798,2020,0
799,2020,0
801,2020,0.1
816,2020,0
817,2020,0.1
822,2020,0.1
823,2020,0.1
826,2020,0
827,2020,0.1
828,2020,0.1
829,2020,0.1
830,2020,0.1
831,2020,0.1
832,2020,0
833,2020,0.1
835,2020,0
850,2020,0.1
880,2020,0.1
881,2020,0.1
883,2020,0.1
887,2020,0.1
889,2020,0.1
890,2020,0.1
891,2020,0.1
892,2020,0.1
893,2020,0.1
897,2020,0.1
899,2020,0.1
900,2020,0.1
901,2020,0.1
913,2020,0.1
914,2020,0.1
915,2020,0.1
918,2020,0.1
919,2020,0
920,2020,0
921,2020,0
959,2020,0
990,2020,0.1
991,2020,0.1
996,2020,0.1
997,2020,0.1
0,2021,0
100,2021,0.1
190,2021,0.1
200,2021,0.1
201,2021,0.1
202,2021,0.1
203,2021,0.1
204,2021,0.1
205,2021,0.1
206,2021,0.1
207,2021,0.1
208,2021,0.1
209,2021,0.1
210,2021,0.1
211,2021,0.1
212,2021,0.1
213,2021,0.1
224,2021,0.1
225,2021,0.1
234,2021,0.1
236,2021,0.1
239,2021,0.1
240,2021,0.1
241,2021,0.1
278,2021,0.1
288,2021,0.1
290,2021,0.1
294,2021,0
295,2021,0.1
297,2021,0.1
299,2021,0.1
300,2021,0.1
301,2021,0.1
313,2021,0.1
314,2021,0.1
315,2021,0.1
318,2021,0.1
319,2021,0
320,2021,0
321,2021,0
390,2021,0.1
391,2021,0.1
396,2021,0.1
397,2021,0.1
399,2021,0.1
400,2021,0.2
401,2021,0.2
413,2021,0
414,2021,0
415,2021,0
416,2021,0
417,2021,0.2
418,2021,0.2
419,2021,0
420,2021,0
421,2021,0
422,2021,0.2
423,2021,0
426,2021,0
427,2021,0.2
428,2021,0.2
429,2021,0
430,2021,0
431,2021,0.2
432,2021,0
433,2021,0
435,2021,0.2
480,2021,0.2
483,2021,0
487,2021,0
489,2021,0
490,2021,0.2
491,2021,0.2
492,2021,0.2
493,2021,0.2
496,2021,0
497,2021,0.2
499,2021,0.2
500,2021,0.25
501,2021,0.25
516,2021,0.25
517,2021,0.25
522,2021,0.25
523,2021,0.25
526,2021,0.25
527,2021,0.25
528,2021,0.25
529,2021,0.25
530,2021,0.25
531,2021,0.25
532,2021,0.25
533,2021,0.25
535,2021,0.25
550,2021,0.25
580,2021,0.25
581,2021,0.25
583,2021,0.25
587,2021,0.25
589,2021,0.25
590,2021,0.25
591,2021,0.25
592,2021,0.25
593,2021,0.25
597,2021,0.25
599,2021,0.25
637,2021,0.1
638,2021,0.1
650,2021,0.1
651,2021,0.1
654,2021,0.1
655,2021,0
663,2021,0.1
666,2021,0
668,2021,0.1
669,2021,0
670,2021,0.1
671,2021,0.1
673,2021,0.1
677,2021,0.1
679,2021,0.1
680,2021,0.2
681,2021,0
683,2021,0.2
687,2021,0.1
689,2021,0
693,2021,0.2
700,2021,0.1
701,2021,0
716,2021,0
717,2021,0.1
722,2021,0.1
723,2021,0.1
726,2021,0
727,2021,0
728,2021,0
729,2021,0.1
730,2021,0.15
731,2021,0.1
732,2021,0.1
733,2021,0
735,2021,0
742,2021,0
743,2021,0
745,2021,0
746,2021,0.1
747,2021,0
748,2021,0.1
752,2021,0.1
753,2021,0
756,2021,0
757,2021,0
758,2021,0
760,2021,0.1
761,2021,0
762,2021,0
764,2021,0
765,2021,0.1
767,2021,0.1
772,2021,0
774,2021,0.1
790,2021,0.15
791,2021,0.1
792,2021,0.1
797,2021,0.1
798,2021,0
799,2021,0
801,2021,0.1
816,2021,0
817,2021,0.1
822,2021,0.1
823,2021,0.1
826,2021,0.1
827,2021,0.1
828,2021,0.1
829,2021,0.1
830,2021,0.1
831,2021,0.1
832,2021,0
833,2021,0.1
835,2021,0
850,2021,0.1
880,2021,0.1
881,2021,0.1
883,2021,0.1
887,2021,0.1
889,2021,0.1
890,2021,0.1
891,2021,0.1
892,2021,0.1
893,2021,0.1
897,2021,0.1
899,2021,0.1
900,2021,0.1
901,2021,0.1
913,2021,0.1
914,2021,0.1
915,2021,0.1
918,2021,0.1
919,2021,0
920,2021,0
921,2021,0
959,2021,0
990,2021,0.1
991,2021,0.1
996,2021,0.1
997,2021,0.1
0,2022,0
100,2022,0.1
190,2022,0.1
200,2022,0.1
201,2022,0.1
202,2022,0.1
203,2022,0.1
204,2022,0.1
205,2022,0.1
206,2022,0.1
207,2022,0.1
208,2022,0.1
209,2022,0.1
210,2022,0.1
211,2022,0.1
212,2022,0.1
213,2022,0.1
224,2022,0.1
225,2022,0.1
234,2022,0.1
236,2022,0.1
239,2022,0.1
240,2022,0.1
241,2022,0.1
278,2022,0.1
288,2022,0.1
290,2022,0.1
294,2022,0
295,2022,0.1
297,2022,0.1
299,2022,0.1
300,2022,0.1
301,2022,0.1
313,2022,0.1
314,2022,0.1
315,2022,0.1
318,2022,0.1
319,2022,0
320,2022,0
321,2022,0
390,2022,0.1
391,2022,0.1
396,2022,0.1
397,2022,0.1
399,2022,0.1
400,2022,0.2
401,2022,0.2
413,2022,0
414,2022,0
415,2022,0
416,2022,0
417,2022,0.2
418,2022,0.2
419,2022,0
420,2022,0
421,2022,0
422,2022,0.2
423,2022,0.2
426,2022,0
427,2022,0.2
428,2022,0.2
429,2022,0
430,2022,0
431,2022,0.2
432,2022,0
433,2022,0
435,2022,0.2
480,2022,0.2
483,2022,0
487,2022,0
489,2022,0
490,2022,0.2
491,2022,0.2
492,2022,0.2
493,2022,0.2
496,2022,0
497,2022,0.2
499,2022,0.2
500,2022,0.25
501,2022,0.25
516,2022,0.25
517,2022,0.25
522,2022,0.25
523,2022,0.25
526,2022,0.25
527,2022,0.25
528,2022,0.25
529,2022,0.25
530,2022,0.25
531,2022,0.25
532,2022,0.25
533,2022,0.25
535,2022,0.25
550,2022,0.25
580,2022,0.25
581,2022,0.25
583,2022,0.25
587,2022,0.25
589,2022,0.25
590,2022,0.25
591,2022,0.25
592,2022,0.25
593,2022,0.25
597,2022,0.25
599,2022,0.25
637,2022,0.1
638,2022,0.1
650,2022,0.2
651,2022,0.1
654,2022,0.1
655,2022,0
663,2022,0.1
666,2022,0
668,2022,0.1
669,2022,0
670,2022,0.1
671,2022,0.1
673,2022,0.1
677,2022,0.1
679,2022,0.1
680,2022,0.2
681,2022,0
683,2022,0.2
687,2022,0
689,2022,0
693,2022,0.1
700,2022,0.1
701,2022,0
716,2022,0
717,2022,0.1
722,2022,0.1
723,2022,0.1
726,2022,0
727,2022,0
728,2022,0.1
729,2022,0.1
730,2022,0.2
731,2022,0.1
732,2022,0.1
733,2022,0
735,2022,0
742,2022,0
743,2022,0.1
745,2022,0
746,2022,0.15
747,2022,0
748,2022,0.1
752,2022,0.1
753,2022,0
756,2022,0
757,2022,0
758,2022,0
760,2022,0.1
761,2022,0
762,2022,0
764,2022,0
765,2022,0.1
767,2022,0.1
772,2022,0
774,2022,0.1
790,2022,0.1
791,2022,0.1
792,2022,0.1
797,2022,0.1
798,2022,0
799,2022,0.2
801,2022,0.1
816,2022,0
817,2022,0.1
822,2022,0.1
823,2022,0.1
826,2022,0.1
827,2022,0.1
828,2022,0.1
829,2022,0.2
830,2022,0.1
831,2022,0.1
832,2022,0
833,2022,0.1
835,2022,0
850,2022,0.1
880,2022,0.1
881,2022,0.1
883,2022,0.1
887,2022,0.1
889,2022,0.1
890,2022,0.1
891,2022,0.1
892,2022,0.1
893,2022,0.1
897,2022,0.15
899,2022,0.1
900,2022,0.1
901,2022,0.1
913,2022,0.1
914,2022,0.1
915,2022,0.1
918,2022,0.1
919,2022,0
920,2022,0
921,2022,0
959,2022,0
990,2022,0.1
991,2022,0.1
996,2022,0.1
997,2022,0.1
0,2023,0
100,2023,0.1
190,2023,0.1
200,2023,0.1
201,2023,0.1
202,2023,0.1
203,2023,0.1
204,2023,0.1
205,2023,0.1
206,2023,0.1
207,2023,0.1
208,2023,0.1
209,2023,0.1
210,2023,0.1
211,2023,0.1
212,2023,0.1
213,2023,0.1
224,2023,0.1
225,2023,0.1
234,2023,0.1
236,2023,0.1
239,2023,0.1
240,2023,0.1
241,2023,0.1
278,2023,0.1
288,2023,0.1
290,2023,0.1
294,2023,0
295,2023,0.1
297,2023,0.1
299,2023,0.1
300,2023,0.1
301,2023,0.1
313,2023,0.1
314,2023,0.1
315,2023,0.1
318,2023,0.1
319,2023,0
320,2023,0
321,2023,0
390,2023,0.1
391,2023,0.1
396,2023,0.1
397,2023,0.1
399,2023,0.1
400,2023,0.2
401,2023,0.2
413,2023,0
414,2023,0
415,2023,0
416,2023,0
417,2023,0.2
418,2023,0.2
419,2023,0
420,2023,0
421,2023,0
422,2023,0.2
423,2023,0.2
426,2023,0
427,2023,0.2
428,2023,0.2
429,2023,0
430,2023,0
431,2023,0.2
432,2023,0
433,2023,0
435,2023,0.2
480,2023,0.2
483,2023,0
487,2023,0
489,2023,0
490,2023,0.2
491,2023,0.2
492,2023,0.2
493,2023,0.2
496,2023,0
497,2023,0.2
499,2023,0.2
500,2023,0.25
501,2023,0.25
516,2023,0.25
517,2023,0.25
522,2023,0.25
523,2023,0.25
526,2023,0.25
527,2023,0.25
528,2023,0.25
529,2023,0.25
530,2023,0.25
531,2023,0.25
532,2023,0.25
533,2023,0.25
535,2023,0.25
550,2023,0.25
580,2023,0.25
581,2023,0.25
583,2023,0.25
587,2023,0.25
589,2023,0.25
590,2023,0.25
591,2023,0.25
592,2023,0.25
593,2023,0.25
597,2023,0.25
599,2023,0.25
637,2023,0.1
638,2023,0.1
650,2023,0.2
651,2023,0.1
654,2023,0.1
655,2023,0
663,2023,0.1
666,2023,0
668,2023,0.1
669,2023,0
670,2023,0.1
671,2023,0.1
673,2023,0.1
677,2023,0.1
679,2023,0.1
680,2023,0.2
681,2023,0
683,2023,0.2
687,2023,0
689,2023,0
693,2023,0
700,2023,0.15
701,2023,0
716,2023,0
717,2023,0.15
722,2023,0.1
723,2023,0.1
726,2023,0
727,2023,0
728,2023,0.1
729,2023,0.1
730,2023,0.1
731,2023,0.1
732,2023,0.1
733,2023,0
735,2023,0
742,2023,0
743,2023,0
745,2023,0
746,2023,0.15
747,2023,0
748,2023,0.1
752,2023,0.1
753,2023,0
756,2023,0
757,2023,0
758,2023,0
760,2023,0.1
761,2023,0
762,2023,0
764,2023,0.1
765,2023,0.1
767,2023,0.1
772,2023,0
774,2023,0.1
790,2023,0.15
791,2023,0.1
792,2023,0.1
797,2023,0.1
798,2023,0
799,2023,0
801,2023,0.1
816,2023,0
817,2023,0.1
822,2023,0.1
823,2023,0.1
826,2023,0.1
827,2023,0.1
828,2023,0.1
829,2023,0.1
830,2023,0.1
831,2023,0.1
832,2023,0
833,2023,0.1
835,2023,0
850,2023,0.1
880,2023,0.1
881,2023,0.1
883,2023,0.1
887,2023,0.1
889,2023,0.1
890,2023,0.1
891,2023,0.1
892,2023,0.1
893,2023,0.1
897,2023,0.2
899,2023,0.1
900,2023,0.1
901,2023,0.1
913,2023,0.1
914,2023,0.1
915,2023,0.1
918,2023,0.1
919,2023,0
920,2023,0
921,2023,0
959,2023,0
990,2023,0.1
991,2023,0.1
996,2023,0.1
997,2023,0.1
